,id,object_name,chain,object_type,address,number,street
19,153644,американская лаборатория десертов,False,кафе,"город москва, филипповский переулок, дом 15/5",20,филипповский переулок
61,21214,столовая,False,столовая,"город москва, бабаевская улица, дом 3",90,бабаевская улица
69,22139,хуанхэ,False,ресторан,"город москва, 1-й балтийский переулок, дом 3/25",60,1-й балтийский переулок
81,25833,азербайджан,False,ресторан,"город москва, улица демьяна бедного, дом 4",180,улица демьяна бедного
131,150881,вгик,False,столовая,"город москва, будайская улица, дом 3",45,будайская улица
150,24155,советские времена,True,кафе,"город москва, варсонофьевский переулок, дом 6",82,варсонофьевский переулок
179,24646,угол,False,кафе,"город москва, верхняя улица, дом 3, корпус 2",71,верхняя улица
181,20632,бар в фитнес клубе,False,бар,"город москва, глазовский переулок, дом 5",4,глазовский переулок
228,25090,ооо «театро»,False,кафе,"город москва, воротниковский переулок, дом 11, строение 1",35,воротниковский переулок
235,25487,сущевский дворик,False,кафе,"город москва, 2-й вышеславцев переулок, дом 17",48,2-й вышеславцев переулок
241,19821,столовая гбпоу зкно,False,буфет,"город москва, гвардейская улица, дом 15, корпус 1",50,гвардейская улица
251,27658,при школе 1294,False,столовая,"город москва, глебовская улица, дом 10",240,глебовская улица
308,27591,столовая школы 1254,False,столовая,"город москва, улица девятая рота, дом 14",160,улица девятая рота
350,68203,ньокки,True,ресторан,"город москва, улица генерала ермолова, дом 4",60,улица генерала ермолова
352,25330,хижина,True,ресторан,"город москва, улица жебрунова, дом 4",120,улица жебрунова
354,28847,столовая спецшкола 9,False,столовая,"город москва, улица бориса жигуленкова, дом 15",80,улица бориса жигуленкова
359,22376,тратория,False,кафе,"город москва, улица жуковского, дом 5",50,улица жуковского
437,20733,пивной бар элефант,False,бар,"город москва, 2-й колобовский переулок, дом 12",55,2-й колобовский переулок
463,152097,столовая при гбоу школа 171,False,столовая,"город москва, кооперативная улица, дом 2, корпус 13",24,кооперативная улица
520,79517,прованс,False,ресторан,"город москва, 1-й обыденский переулок, дом 9/12",40,1-й обыденский переулок
522,79562,фидан,False,ресторан,"город москва, кунцевская улица, дом 10",81,кунцевская улица
538,28857,кп мэи,False,столовая,"город москва, улица лапина, дом 3",240,улица лапина
540,20804,волконский,True,кулинария,"город москва, малый левшинский переулок, дом 14/9, строение 1",16,малый левшинский переулок
627,24319,гивисациви,False,кафе,"город москва, лужнецкий проезд, дом 1",95,лужнецкий проезд
642,153381,столовая при гбоу школа 57,False,столовая,"город москва, малый знаменский переулок, дом 7/10, строение 2",36,малый знаменский переулок
711,21002,буфет техникума мпэ,False,буфет,"город москва, мирской переулок, дом 5",30,мирской переулок
713,26252,ресторан «граф орлов»,False,ресторан,"город москва, 2-й верхний михайловский проезд, дом 2",90,2-й верхний михайловский проезд
737,24654,журфак,False,кафе,"город москва, большой афанасьевский переулок, дом 3, строение 3",49,большой афанасьевский переулок
742,24601,хинкаль палас,False,кафе,"город москва, нагорный бульвар, дом 5, корпус 1",40,нагорный бульвар
756,137544,антикварный boutique & bar,False,бар,"город москва, звонарский переулок, дом 5",30,звонарский переулок
757,69302,union jack,False,бар,"город москва, нижний кисельный переулок, дом 3, строение 1",30,нижний кисельный переулок
779,124526,кафе дада,False,кафе,"город москва, 1-й новокузнецкий переулок, дом 5-7",30,1-й новокузнецкий переулок
783,27483,гбоу школа № 1352,False,столовая,"город москва, новосибирская улица, дом 8",110,новосибирская улица
895,20048,пицца-фабрика,False,кафе,"город москва, улица пивченкова, дом 7",12,улица пивченкова
899,23980,сказочный двор,False,кафе,"город москва, платовская улица, дом 4",45,платовская улица
908,25694,кафе,False,кафетерий,"город москва, 3-й проезд подбельского, дом 22, корпус 3",16,3-й проезд подбельского
910,156679,cezve coffee,False,кафе,"город москва, подсосенский переулок, дом 8, строение 2",20,подсосенский переулок
990,20381,трапезная,False,столовая,"город москва, улица рогожский поселок, дом 3",10,улица рогожский поселок
1062,141385,гранатовый сад,False,ресторан,"город москва, 1-й сетуньский проезд, дом 10",80,1-й сетуньский проезд
1113,22203,вуден бор,False,кафе,"город москва, 2-й стрелецкий проезд, дом 7",40,2-й стрелецкий проезд
1147,29423,школа апогей,False,буфет,"город москва, таганрогская улица, дом 7",150,таганрогская улица
1163,21439,буфет при гуп «объединенный комбинат школьного питания»,False,столовая,"город москва, тенистый проезд, дом 8",98,тенистый проезд
1219,146370,амбарчик,False,кафе,"город москва, малый николопесковский переулок, дом 9/1, строение 2",20,малый николопесковский переулок
1273,21569,буфет школы 694,False,буфет,"город москва, 2-й хуторской переулок, дом 4/13",75,2-й хуторской переулок
1404,87543,кафе «one teaspoon»,False,кафе,"город москва, яузский бульвар, дом 14/8",16,яузский бульвар
1426,82532,будайский дворик,False,ресторан,"город москва, будайский проезд, дом 8",98,будайский проезд
1432,20865,буфет при общежитии,False,буфет,"город москва, международная улица, дом 15",8,международная улица
1456,134075,матрешка,False,кафе,"город москва, новолучанская улица, дом 22, строение 1",17,новолучанская улица
1466,25989,алиби,False,ресторан,"город москва, ащеулов переулок, дом 9",85,ащеулов переулок
1537,20415,чашка,False,бар,"город москва, улица академика семенова, дом 3",40,улица академика семенова
1574,157025,улисс паб,False,бар,"город москва, кривоарбатский переулок, дом 16/22",100,кривоарбатский переулок
1592,26993,сосны,False,ресторан,"город москва, 1-я линия хорошевского серебряного бора, домовладение 10, строение 1",30,1-я линия хорошевского серебряного бора
1633,25165,кафе-пиццерия,False,кафе,"город москва, 1-й зачатьевский переулок, дом 4",50,1-й зачатьевский переулок
1646,68324,tokyo bay,True,кафе,"город москва, старомонетный переулок, дом 18",50,старомонетный переулок
1654,22043,супкультура,False,кафе,"город москва, 2-й щемиловский переулок, дом 4",30,2-й щемиловский переулок
1667,75223,борго,False,кафе,"город москва, 2-й полевой переулок, дом 2",45,2-й полевой переулок
1687,111078,кафе торшер,False,кафе,"город москва, улица васильцовский стан, дом 5, корпус 1",48,улица васильцовский стан
1756,22808,else kafe,False,кафе,"город москва, иваньковское шоссе, дом 5",30,иваньковское шоссе
1781,24748,густаторе,False,кафе,"город москва, петровско-разумовская аллея, дом 10, корпус 3",24,петровско-разумовская аллея
1847,24743,кафе angelov,False,кафе,"город москва, 2-й неопалимовский переулок, дом 3",35,2-й неопалимовский переулок
1863,81258,у мангала,False,кафе,"город москва, город щербинка, спортивная улица, дом 23",45,спортивная улица
1866,79996,подмосковные вечера,False,ресторан,"город москва, город щербинка, 2-я барышевская улица, дом 1",72,2-я барышевская улица
1892,124295,кафе,False,кафе,"город москва, поселение филимонковское, деревня верхнее валуево, дом 21а",20,поселение филимонковское
1909,27568,столовая,False,столовая,"город москва, конаковский проезд, дом 5",240,конаковский проезд
1915,27436,школа 1381,False,столовая,"город москва, янтарный проезд, дом 2",300,янтарный проезд
1918,27896,столовая,False,столовая,"город москва, авиационный переулок, дом 5",62,авиационный переулок
1934,21437,столовая колорит кадетского корпуса № 1783,False,столовая,"город москва, 3-я новоостанкинская улица, дом 6",80,3-я новоостанкинская улица
1955,25970,бюргер,False,бар,"город москва, докучаев переулок, дом 6, строение 2",60,докучаев переулок
1964,28254,столовая,False,столовая,"город москва, фармацевтический проезд, дом 1",55,фармацевтический проезд
1969,153599,столовая «гкб им. с.п. боткина»,False,столовая,"город москва, большой предтеченский переулок, дом 15/8, строение 1",70,большой предтеченский переулок
1976,29144,школа №110,False,столовая,"город москва, столовый переулок, дом 10/2, строение 1",40,столовый переулок
2022,27183,yoko,False,ресторан,"город москва, соймоновский проезд, дом 5",50,соймоновский проезд
2029,22627,ривер,False,кафе,"город москва, малый власьевский переулок, дом 12, строение 2",24,малый власьевский переулок
2041,22670,хинкальная,True,кафе,"город москва, богоявленский переулок, дом 6, строение 2",20,богоявленский переулок
2069,137801,казан чай бар,False,ресторан,"город москва, малый татарский переулок, дом 8, строение 1",46,малый татарский переулок
2070,28552,столовая,False,столовая,"город москва, 2-й новокузнецкий переулок, дом 13/15, строение 1",80,2-й новокузнецкий переулок
2073,140795,ресторан золберг,False,ресторан,"город москва, 1-й люсиновский переулок, дом 3б",60,1-й люсиновский переулок
2103,22220,ухтомская усадьба,False,ресторан,"город москва, лениногорская улица, дом 32, строение 1",42,лениногорская улица
2104,147961,премьер пицца,False,фаст-фуд,"город москва, прокатная улица, дом 7",0,прокатная улица
2186,21525,гбоу школа № 1236,False,столовая,"город москва, улица гончарова, дом 15б",60,улица гончарова
2197,28801,столовая при колледже № 21,False,столовая,"город москва, вербная улица, дом 4, строение 1",252,вербная улица
2202,29239,столовая 1404,False,столовая,"город москва, большая ширяевская улица, дом 11",80,большая ширяевская улица
2208,21399,школьная столовая № 1210,False,столовая,"город москва, улица гамалеи, дом 17, корпус 1",95,улица гамалеи
2243,29142,школа «№123»,False,столовая,"город москва, хлыновский тупик, дом 3, строение 1",50,хлыновский тупик
2260,152523,антикинотеатр «newtone»,False,кафе,"город москва, хлебный переулок, дом 2/3, строение 3",25,хлебный переулок
2365,27860,мнити,False,столовая,"город москва, гольяновская улица, дом 7а, строение 1",70,гольяновская улица
2369,27343,школа 354,False,столовая,"город москва, лефортовский переулок, дом 8, строение 1",40,лефортовский переулок
2407,150892,школа,False,столовая,"город москва, средний кондратьевский переулок, дом 8а",60,средний кондратьевский переулок
2409,150890,школа,False,столовая,"город москва, улица подвойского, дом 2",200,улица подвойского
2430,20119,кафе,False,кафе,"город москва, изваринская улица, дом 4, корпус 1",45,изваринская улица
2431,19822,столовая,False,столовая,"город москва, дивизионная улица, дом 4",80,дивизионная улица
2451,29188,столовая,False,столовая,"город москва, пулковская улица, дом 6",50,пулковская улица
2504,29350,столовая школы 900,False,столовая,"город москва, 3-й дорожный проезд, дом 6а",240,3-й дорожный проезд
2518,26715,ресторан «тэсти»,False,фаст-фуд,"город москва, кожевнический проезд, дом 4/5, строение 5",200,кожевнический проезд
2528,24635,оазис,False,кафе,"город москва, улица рокотова, дом 2а",80,улица рокотова
2568,26686,территория ясенево,True,ресторан,"город москва, ясногорская улица, дом 2",200,ясногорская улица
2609,21495,гбоу школа № 626 структурное подразделение «ремизово»,False,столовая,"город москва, улица ремизова, дом 12",80,улица ремизова
2615,29377,гбоудо «севастополец»,False,столовая,"город москва, большая юшуньская улица, дом 14",55,большая юшуньская улица
2638,27566,столовая,False,столовая,"город москва, солнечногорский проезд, дом 7а",184,солнечногорский проезд
2667,21273,буфет в техникуме,False,буфет,"город москва, стандартная улица, дом 4а",60,стандартная улица
2679,21390,столовая цо 1402,False,столовая,"город москва, 2-я сокольническая улица, дом 3",60,2-я сокольническая улица
2683,29541,при вечерней школе 148,False,столовая,"город москва, 2-я гражданская улица, дом 8",50,2-я гражданская улица
2685,29543,при школе 382,False,столовая,"город москва, андреево-забелинская улица, дом 28",120,андреево-забелинская улица
2690,73010,при школе 374,False,буфет,"город москва, миллионная улица, дом 5",125,миллионная улица
2699,21577,при школе 363,False,буфет,"город москва, алымов переулок, дом 15",120,алымов переулок
2700,21575,при школе 365,False,буфет,"город москва, 5-й проезд подбельского, дом 2",90,5-й проезд подбельского
2712,28576,стол. шк. 163,False,столовая,"город москва, линейный проезд, дом 11",200,линейный проезд
2713,29201,гбоу школа №771,False,столовая,"город москва, икшинская улица, дом 12",247,икшинская улица
2714,28681,стол. шк. 929,False,столовая,"город москва, улица немчинова, дом 8",140,улица немчинова
2726,29196,гбоу школа дмитровский,False,столовая,"город москва, вагоноремонтная улица, дом 15а",247,вагоноремонтная улица
2727,29490,стол.школы 1592 кшп «логарифм»,False,столовая,"город москва, бескудниковский проезд, дом 4а",240,бескудниковский проезд
2728,29493,стол.шк.n208 гуп«школьное питание»,False,столовая,"город москва, бескудниковский переулок, дом 4а",240,бескудниковский переулок
2736,21387,стол. шк.207,False,столовая,"город москва, астрадамский проезд, дом 5",60,астрадамский проезд
2737,29198,гбоу школа дмитровский,False,столовая,"город москва, карельский бульвар, дом 20",67,карельский бульвар
2741,22454,апрель,False,ресторан,"город москва, живарев переулок, дом 8, строение 3",80,живарев переулок
2751,27405,гбоу пушкинская школа № 1500,False,столовая,"город москва, скорняжный переулок, дом 3, строение 1",150,скорняжный переулок
2754,83649,graff lounge,False,ресторан,"город москва, 1-й коптельский переулок, дом 2/7, строение 1",45,1-й коптельский переулок
2782,20967,буфет № 6 ргау-мсха им. к.а. тимирязева,False,буфет,"город москва, тимирязевский проезд, дом 2",16,тимирязевский проезд
2794,21282,мед. колледж № 1,False,столовая,"город москва, чуксин тупик, дом 6",60,чуксин тупик
2842,76888,лоза,False,кафе,"город москва, институтский переулок, дом 2",50,институтский переулок
2852,152179,гбоу многопрофильный лицей № 1501,False,буфет,"город москва, улица достоевского, дом 25, строение 1",60,улица достоевского
2894,140177,спорт-бар гладиатор,False,бар,"город москва, улица фонвизина, дом 17",15,улица фонвизина
2926,76244,да пино,True,ресторан,"город москва, делегатская улица, дом 7, строение 1",145,делегатская улица
2937,23288,столовая школы 12,False,столовая,"город москва, 2-й сетуньский проезд, дом 9",250,2-й сетуньский проезд
2956,28669,школа № 706 (доготовочная столовая),False,столовая,"город москва, песчаный переулок, дом 6",140,песчаный переулок
2965,21426,буфет школы 153,False,буфет,"город москва, прибрежный проезд, дом 12",90,прибрежный проезд
2997,83284,кафе «восточная сказка»,False,кафе,"город москва, 3-я подрезковская улица, дом 14, строение 2",60,3-я подрезковская улица
3011,21421,столовая гимназии 1570,False,буфет,"город москва, переулок расковой, дом 14а",70,переулок расковой
3025,23669,школа 1012,False,столовая,"город москва, родниковая улица, дом 20, корпус 1",320,родниковая улица
3037,29074,школьно-базовая столовая,False,столовая,"город москва, большая бутовская улица, дом 9",120,большая бутовская улица
3042,29008,цо №1450 «комбинат дошкольного питания»,False,столовая,"город москва, фруктовая улица, дом 9",300,фруктовая улица
3045,140413,офицерское собрание ресторан,False,ресторан,"город москва, черниговский переулок, дом 9/13, строение 2",30,черниговский переулок
3053,20966,буфет полиграфического колледжа 56,False,буфет,"город москва, полтавская улица, дом 3",120,полтавская улица
3066,28222,бар (закрытое),False,буфет,"город москва, пыжевский переулок, дом 5, строение 1",30,пыжевский переулок
3071,28108,столовая «анокпумгкэит»,False,столовая,"город москва, улица академика петровского, дом 10",150,улица академика петровского
3123,20879,nook cofee,False,кафе,"город москва, нелидовская улица, дом 10, строение 1",14,нелидовская улица
3124,73079,школа № 1431,False,столовая,"город москва, 1-й тушинский проезд, дом 12",240,1-й тушинский проезд
3127,90766,кафе,False,кафе,"город москва, проезд досфлота, дом 2, строение 1",24,проезд досфлота
3143,23366,школа № 830 корпус № 4,False,столовая,"город москва, врачебный проезд, дом 12",210,врачебный проезд
3162,20938,ярославский посад,False,буфет,"город москва, 3-й стрелецкий проезд, дом 3",36,3-й стрелецкий проезд
3199,27284,принцесса,False,ресторан,"город москва, попов проезд, дом 2",200,попов проезд
3201,75004,кафе,False,кафе,"город москва, 1-я боевская улица, дом 6",44,1-я боевская улица
3220,27588,столовая школы 380,False,столовая,"город москва, 2-я улица бухвостова, дом 6",100,2-я улица бухвостова
3235,152444,imho bar,False,бар,"город москва, сретенский тупик, дом 5",50,сретенский тупик
3254,27389,школьная столовая № 1874,False,столовая,"город москва, улица маршала новикова, дом 13",170,улица маршала новикова
3256,27349,столовая гбоу школа № 1560 «лидер»,False,столовая,"город москва, новохорошевский проезд, дом 12",250,новохорошевский проезд
3276,152133,столовая института мировых цивилизаций,False,столовая,"город москва, 1-й басманный переулок, дом 3, строение 1",50,1-й басманный переулок
3289,126032,9bar,False,кафетерий,"город москва, стромынский переулок, дом 4",0,стромынский переулок
3296,25298,кафе «хомяк»,False,кафе,"город москва, заводской проезд, дом 25",35,заводской проезд
3301,28548,столовая при школе 1362,False,столовая,"город москва, лечебная улица, дом 20",80,лечебная улица
3320,28546,столовая при школе интернат № 53,False,столовая,"город москва, кирпичная улица, дом 18",150,кирпичная улица
3332,21274,сэлтинс,False,буфет,"город москва, стрелецкая улица, дом 2, строение 1",28,стрелецкая улица
3336,28839,гбоу школа №2200,False,столовая,"город москва, 11-я парковая улица, дом 50",112,11-я парковая улица
3338,29234,столовая при колледже,False,столовая,"город москва, 14-я парковая улица, дом 4б",100,14-я парковая улица
3345,21453,столовая школы 434,False,столовая,"город москва, улица благуша, дом 6",80,улица благуша
3349,27399,столовая при школе 1056,False,столовая,"город москва, штурвальная улица, дом 7, корпус 2",240,штурвальная улица
3350,20931,алеся,False,столовая,"город москва, минаевский переулок, дом 2",60,минаевский переулок
3359,146703,бабу,False,кафе,"город москва, щелковский проезд, дом 13",44,щелковский проезд
3360,22224,кафе «сочи»,False,кафе,"город москва, мажоров переулок, дом 5",15,мажоров переулок
3367,73308,кофе-хаус,True,кафе,"город москва, измайловская площадь, дом 1а",98,измайловская площадь
3371,27633,цо 345,False,столовая,"город москва, елоховский проезд, дом 1, строение 5",100,елоховский проезд
3375,21367,школа 1204,False,буфет,"город москва, рубцов переулок, дом 10/14",77,рубцов переулок
3380,21369,школа 1203,False,буфет,"город москва, кондрашевский тупик, дом 3а",30,кондрашевский тупик
3381,27855,мосводоканал,False,столовая,"город москва, плетешковский переулок, дом 2",90,плетешковский переулок
3388,29148,школа №87,False,столовая,"город москва, улица николаева, дом 5",40,улица николаева
3391,21035,малыш и карлсон,False,буфет,"город москва, триумфальная площадь, дом 2, строение 1",15,триумфальная площадь
3392,20642,сп «рольф»,False,бар,"город москва, 2-й магистральный тупик, дом 5а",25,2-й магистральный тупик
3465,21280,буфет медицинского училища при гкб им. боткина,False,буфет,"город москва, 2-й боткинский проезд, дом 5, корпус 28",40,2-й боткинский проезд
3527,21030,буфет,False,буфет,"город москва, мамоновский переулок, дом 10, строение 1",4,мамоновский переулок
3529,22576,золотой дракон,False,кафе,"город москва, дегтярный переулок, дом 6, строение 1",86,дегтярный переулок
3530,25096,ливанец,False,кафе,"город москва, глинищевский переулок, дом 3",98,глинищевский переулок
3597,26857,гарден,False,ресторан,"город москва, 3-я песчаная улица, дом 2",80,3-я песчаная улица
3619,154224,обломов,False,ресторан,"город москва, 1-й монетчиковский переулок, дом 5, строение 1",75,1-й монетчиковский переулок
3621,142570,квартира 44,True,кафе,"город москва, улица малая ордынка, дом 24",38,улица малая ордынка
3624,29577,школа 540 «кдп»,False,столовая,"город москва, хавская улица, дом 15",200,хавская улица
3630,129451,кафе «ванадис»,False,кафе,"город москва, жуков проезд, дом 8, строение 3",30,жуков проезд
3633,141361,ирландский паб белфаст,False,кафе,"город москва, средний овчинниковский переулок, дом 1, строение 13",40,средний овчинниковский переулок
3639,21582,школа 573 «кдп»,False,столовая,"город москва, 5-й рощинский проезд, дом 4",120,5-й рощинский проезд
3642,19883,солнечный очаг,False,ресторан,"город москва, улица богданова, дом 56б",60,улица богданова
3652,23673,школа 1000,False,столовая,"город москва, наро-фоминская улица, дом 1",130,наро-фоминская улица
3653,23662,школа 1009,False,столовая,"город москва, улица щорса, дом 5",200,улица щорса
3670,69444,mojo,False,кафе,"город москва, сверчков переулок, дом 8, строение 1",63,сверчков переулок
3701,156723,eleven-hall,False,ресторан,"город москва, малый каретный переулок, дом 11, строение 2",100,малый каретный переулок
3713,23514,осипов а.с. (прод.база «очаково»),False,столовая,"город москва, проектируемый проезд № 1980, дом 4",60,проектируемый проезд № 1980
3754,29173,моск. гор. колледж инф-х технологий,False,столовая,"город москва, костомаровская набережная, дом 29, строение 1",84,костомаровская набережная
3755,27019,гостиница лефортово,False,ресторан,"город москва, 1-й краснокурсантский проезд, дом 1/4",200,1-й краснокурсантский проезд
3756,27859,столовая при ммгп «мосгаз» буфет,False,столовая,"город москва, мрузовский переулок, дом 11, строение 1",30,мрузовский переулок
3760,152836,полковнику никто не пишет,False,кафе,"город москва, петроверигский переулок, дом 4, строение 1",44,петроверигский переулок
3763,21365,школа 1227,False,буфет,"город москва, большой трехсвятительский переулок, дом 4",55,большой трехсвятительский переулок
3765,21373,школа 330,False,буфет,"город москва, большой казенный переулок, дом 9",55,большой казенный переулок
3766,28859,лицей 1303,False,столовая,"город москва, таможенный проезд, дом 4",170,таможенный проезд
3768,28861,школа 1229,False,столовая,"город москва, верхний золоторожский переулок, дом 2",170,верхний золоторожский переулок
3775,28863,школа 416,False,столовая,"город москва, шепелюгинская улица, дом 21/13, строение 1",150,шепелюгинская улица
3776,28860,школа 733,False,столовая,"город москва, лонгиновская улица, дом 6",120,лонгиновская улица
3784,153726,столовая при фгбоу во мпгу,False,столовая,"город москва, несвижский переулок, дом 3",26,несвижский переулок
3841,153404,столовая при гбоу лицей 1555,False,столовая,"город москва, хилков переулок, дом 3а",45,хилков переулок
3844,152202,столовая при гбоу лицей 1535,False,столовая,"город москва, малый саввинский переулок, дом 8",105,малый саввинский переулок
3852,153436,столовая при образовательном комплексе дизайна и технологии,False,столовая,"город москва, улица савельева, дом 5",100,улица савельева
3853,153380,столовая при гбоу школа 57,False,столовая,"город москва, переулок хользунова, дом 8",48,переулок хользунова
3872,153406,столовая при гимназии 1529 им. а.с. грибоедова,False,столовая,"город москва, 2-й обыденский переулок, дом 9",30,2-й обыденский переулок
3875,150573,буфет на хитровке,False,кафе,"город москва, хитровский переулок, дом 3/1, строение 4",12,хитровский переулок
3891,28416,столовая при управлении судебного департамента,False,столовая,"город москва, андроньевская площадь, дом 5/9",45,андроньевская площадь
3910,151761,ред брик,False,бар,"город москва, хохловский переулок, дом 10, строение 6",50,хохловский переулок
3954,28810,столовая при шк. 2093 (783),False,столовая,"город москва, союзный проспект, дом 2",240,союзный проспект
3975,28809,столовая при шк. 2072,False,столовая,"город москва, утренняя улица, дом 12",200,утренняя улица
3994,28806,столовая при шк. 2093 (787),False,столовая,"город москва, улица алексея дикого, дом 18а",150,улица алексея дикого
4134,29155,школа 2104,False,столовая,"город москва, 1-й котельнический переулок, дом 5, строение 2",35,1-й котельнический переулок
4156,21583,школа №1272,False,столовая,"город москва, 1-й кожуховский проезд, дом 17",120,1-й кожуховский проезд
4157,28996,школа 574 кдп,False,столовая,"город москва, высокая улица, дом 6",210,высокая улица
4171,147916,донер бистро,False,фаст-фуд,"город москва, гончарная набережная, дом 9/16, строение 3",0,гончарная набережная
4176,150827,гбоу школа №498,False,столовая,"город москва, улица малые каменщики, дом 18",0,улица малые каменщики
4185,29309,школа 485,False,столовая,"город москва, 3-й кожуховский проезд, дом 3а",120,3-й кожуховский проезд
4197,82524,столовая мгпу,False,столовая,"город москва, 2-й сельскохозяйственный проезд, дом 4, строение 1",150,2-й сельскохозяйственный проезд
4199,28270,цсо,False,столовая,"город москва, магаданская улица, дом 9",40,магаданская улица
4208,28706,столовая (гбоу «школа №1558имени росалии де кастро»),False,столовая,"город москва, печорская улица, дом 18",300,печорская улица
4209,27468,столовая-доготовочная при школе 1099,False,столовая,"город москва, улица ротерта, дом 5",300,улица ротерта
4214,27438,школа 529,False,столовая,"город москва, 2-я напрудная улица, дом 17",240,2-я напрудная улица
4217,28705,столовая (гбоу «школа № 281»),False,столовая,"город москва, радужная улица, дом 7",240,радужная улица
4219,28701,столовая (гбоу «школа №1095»),False,столовая,"город москва, олонецкий проезд, дом 6",240,олонецкий проезд
4220,28697,столовая (гбоу «школа №281»),False,буфет,"город москва, улица рудневой, дом 10",60,улица рудневой
4222,27461,столовая-доготовочная при школе 1374,False,столовая,"город москва, федоскинская улица, дом 4",240,федоскинская улица
4226,27437,школа 762,False,столовая,"город москва, норильская улица, дом 4",300,норильская улица
4239,23022,светлана,False,кафе,"город москва, таежная улица, дом 1",45,таежная улица
4246,27441,школа 1188,False,столовая,"город москва, 1-я напрудная улица, дом 13",300,1-я напрудная улица
4278,28691,столовая при московском коледже железнодорожного транспорта,False,столовая,"город москва, кучин переулок, дом 14, строение 1",134,кучин переулок
4320,29521,столовая «потенциал»,False,столовая,"город москва, кулаков переулок, дом 7",150,кулаков переулок
4324,138024,столовая при школе № 2107,False,буфет,"город москва, напрудный переулок, дом 13",30,напрудный переулок
4326,21069,буфет при ржевской бане,False,буфет,"город москва, банный проезд, дом 3, строение 1",4,банный проезд
4338,138027,столовая при школе № 2107,False,буфет,"город москва, переулок васнецова, дом 2",43,переулок васнецова
4346,21388,буфет-раздаточный при школе № 242,False,буфет,"город москва, 1-й проезд марьиной рощи, дом 3а",50,1-й проезд марьиной рощи
4347,28629,столовая при школе № 1297,False,буфет,"город москва, малая переяславская улица, дом 6/8",83,малая переяславская улица
4354,27416,столовая при гбоу школа № 1539,False,столовая,"город москва, староалексеевская улица, дом 1",200,староалексеевская улица
4356,138014,столовая при школе № 2107,False,буфет,"город москва, больничный переулок, дом 4",34,больничный переулок
4357,28628,столовая при школе №1297,False,столовая,"город москва, глинистый переулок, дом 7, строение 1",140,глинистый переулок
4367,19744,столовая,False,столовая,"город москва, 3-я черепковская улица, дом 15а, строение 5",244,3-я черепковская улица
4406,23760,столовая гбоу города москвы № 587,False,столовая,"город москва, улица красных зорь, дом 61",110,улица красных зорь
4408,23738,столовая гбпоу зкно,False,столовая,"город москва, улица ращупкина, дом 3",180,улица ращупкина
4409,23750,столовая гбоу города москвы № 1400,False,столовая,"город москва, улица кубинка, дом 20, корпус 1",200,улица кубинка
4410,23728,столовая гбоу города москвы № 1400,False,столовая,"город москва, улица кутузова, дом 20",120,улица кутузова
4411,23638,столовая гбпоу зкно,False,буфет,"город москва, гродненская улица, дом 5",150,гродненская улица
4426,23749,столовая гбоу города москвы № 391,False,буфет,"город москва, гжатская улица, дом 6",90,гжатская улица
4429,23740,столовая гбоу города москвы № 1195,False,буфет,"город москва, вяземская улица, дом 7",100,вяземская улица
4435,23611,буфет - гбоу сош №6,False,буфет,"город москва, улица екатерины будановой, дом 18",60,улица екатерины будановой
4459,20755,останкино,False,закусочная,"город москва, троилинский переулок, дом 3",25,троилинский переулок
4474,128035,бабель,False,ресторан,"город москва, 1-й николощеповский переулок, дом 6, строение 2",140,1-й николощеповский переулок
4475,78275,ля марэ,False,ресторан,"город москва, проточный переулок, дом 7",150,проточный переулок
4541,23625,буфет-раздаточная № 731,False,буфет,"город москва, новорублевская улица, дом 1",80,новорублевская улица
4574,29285,школа 913,False,буфет,"город москва, улица степана шутова, дом 8, корпус 3",120,улица степана шутова
4576,28931,школа № 439 ителлект,False,столовая,"город москва, орехово-зуевский проезд, дом 4",40,орехово-зуевский проезд
4579,28085,столовая гну виэсх,False,столовая,"город москва, 1-й вешняковский проезд, дом 2, строение 1",20,1-й вешняковский проезд
4584,27020,palacio,False,ресторан,"город москва, улица паперника, дом 9",30,улица паперника
4588,28075,столовая спец.база атп-3 мосводоканал,False,столовая,"город москва, шоссе фрезер, дом 32, строение 1",10,шоссе фрезер
4596,28888,столовая уоо цсбофнпр,False,буфет,"город москва, тихая улица, дом 30",120,тихая улица
4633,28884,школа 335,False,буфет,"город москва, спортивный проезд, дом 3а",190,спортивный проезд
4650,28877,школа 338,False,буфет,"город москва, мариупольская улица, дом 3",250,мариупольская улица
4652,27525,гп шбс «люблино» шк. 654ст,False,столовая,"город москва, улица артюхиной, дом 17",220,улица артюхиной
4656,28920,столовая при гоу сош № 495,False,столовая,"город москва, подольская улица, дом 15",160,подольская улица
4660,28935,филиал шбс люблино шк. 493,False,столовая,"город москва, 1-й курьяновский проезд, дом 14",224,1-й курьяновский проезд
4676,27529,коникс-школьник школа 1403,False,столовая,"город москва, 1-й саратовский проезд, дом 5",89,1-й саратовский проезд
4700,26758,стумари,False,кафе,"город москва, тессинский переулок, дом 4, строение 2",55,тессинский переулок
4715,29172,пу 33,False,столовая,"город москва, тетеринский переулок, дом 2а",100,тетеринский переулок
4718,21177,школа 1468,False,буфет,"город москва, библиотечная улица, дом 29",33,библиотечная улица
4721,20999,моск. гос. авиац.-технологич. университет,False,буфет,"город москва, берниковская набережная, дом 12, строение 1",32,берниковская набережная
4725,28205,центральный дом адвоката,False,столовая,"город москва, малый полуярославский переулок, дом 3/5, строение 1",62,малый полуярославский переулок
4729,150839,лицей №1581,False,столовая,"город москва, большой полуярославский переулок, дом 7",55,большой полуярославский переулок
4736,150823,гбоу школа №480 им.в.в. талалихина,False,столовая,"город москва, стройковская улица, дом 5",0,стройковская улица
4802,21338,8-ой троллейбусный парк,False,буфет,"город москва, улица инессы арманд, дом 13",31,улица инессы арманд
4805,29450,гоу сош № 1174,False,столовая,"город москва, феодосийская улица, дом 11а",157,феодосийская улица
4817,97083,пекарня,False,кулинария,"город москва, 1-й кирпичный переулок, дом 4, строение 2",10,1-й кирпичный переулок
4832,21936,кафе гермес,False,кафе,"город москва, учинская улица, дом 10",85,учинская улица
4839,28255,марма,False,столовая,"город москва, нарвская улица, дом 2",45,нарвская улица
4860,28699,столовая (гбоу «школа №1558 имени росалии де кастро»),False,столовая,"город москва, чукотский проезд, дом 6",260,чукотский проезд
4882,27787,столовая,False,ресторан,"город москва, кремлевская набережная, дом 1, строение 2",56,кремлевская набережная
4891,27812,столовая при мз электропривод,False,столовая,"город москва, улица уткина, дом 48",20,улица уткина
4894,19965,райский уголок,False,кафе,"город москва, боровский проезд, дом 17а",96,боровский проезд
4895,19746,вэрон,False,столовая,"город москва, улица академика павлова, дом 25",80,улица академика павлова
4896,27926,столовая,False,столовая,"город москва, проезд черепановых, дом 6, строение 1",50,проезд черепановых
4924,22345,bodrum,False,кафе,"город москва, улица новая дорога, дом 11, строение 6",60,улица новая дорога
4940,21728,кофе он,False,кафе,"город москва, 3-й кадашевский переулок, дом 2",72,3-й кадашевский переулок
4947,27989,столовая,False,столовая,"город москва, чермянская улица, дом 2, строение 2",200,чермянская улица
5102,27944,столовая центра «зубаревский»,False,столовая,"город москва, зубарев переулок, дом 15, корпус 1",47,зубарев переулок
5109,20283,world class кафе,False,бар,"город москва, 12-й проезд марьиной рощи, владение 9, строение 2",9,12-й проезд марьиной рощи
5118,152993,хаят,False,кафе,"город москва, выползов переулок, дом 7, строение 2",68,выползов переулок
5122,27957,рус сервис,False,столовая,"город москва, анненский проезд, дом 1, строение 1",40,анненский проезд
5130,27821,столовая,False,столовая,"город москва, анненская улица, дом 25, строение 1",32,анненская улица
5160,26188,антик,False,ресторан,"город москва, чермянский проезд, дом 5, строение 26",70,чермянский проезд
5167,28740,столовая-доготовочная при школе № 1956,False,столовая,"город москва, старомарьинское шоссе, дом 5",250,старомарьинское шоссе
5177,28282,столовая завода стройпрогресс,False,столовая,"город москва, калибровская улица, дом 31, строение 1",45,калибровская улица
5178,28468,столовая вниси,False,столовая,"город москва, 1-й рижский переулок, дом 6, строение 1",112,1-й рижский переулок
5222,28285,кафе,False,кафе,"город москва, хованская улица, владение 20",40,хованская улица
5276,23071,кафе пармежано,False,кафе,"город москва, отрадный проезд, дом 2б",60,отрадный проезд
5280,27462,столовая-доготовочная при школе 1137,False,столовая,"город москва, лосевская улица, дом 9",250,лосевская улица
5289,144426,гбоу школа № 1499,False,столовая,"город москва, ростокинская улица, дом 3",330,ростокинская улица
5291,27977,столовая,False,столовая,"город москва, 1-й сельскохозяйственный проезд, дом 2",46,1-й сельскохозяйственный проезд
5299,25564,кафе-бар курага,False,кафе,"город москва, юрловский проезд, дом 17, строение 1",229,юрловский проезд
5301,21527,буфет при гуп «объединенный комбинат школьно питания»,False,столовая,"город москва, 1-й ботанический проезд, дом 2",40,1-й ботанический проезд
5373,125151,ук стратегия управления,False,кафе,"город москва, 17-й проезд марьиной рощи, дом 4",94,17-й проезд марьиной рощи
5445,28292,столовая,False,столовая,"город москва, уржумская улица, дом 4, строение 14",124,уржумская улица
5446,68374,юлдес-тур,False,столовая,"город москва, 2-я ямская улица, дом 4",32,2-я ямская улица
5452,81534,кафе рача,False,кафе,"город москва, улица константинова, дом 11а",40,улица константинова
5468,140894,океан,False,кафе,"город москва, черницынский проезд, дом 3, строение 11",64,черницынский проезд
5491,27581,при школе 1452,False,столовая,"город москва, 1-я гражданская улица, дом 96",160,1-я гражданская улица
5522,27998,столовая,False,столовая,"город москва, 2-й иртышский проезд, дом 6, строение 1",64,2-й иртышский проезд
5533,22222,столовая,False,кафе,"город москва, 1-я пугачевская улица, дом 25, строение 1",32,1-я пугачевская улица
5540,150766,шумкина 26,False,кафе,"город москва, улица шумкина, дом 26а, строение 4",45,улица шумкина
5544,143095,кайф кормить,False,столовая,"город москва, улица богородский вал, дом 3, строение 28",30,улица богородский вал
5551,149685,ереван,False,ресторан,"город москва, оренбургская улица, дом 32, строение 5",45,оренбургская улица
5554,23249,метро к&к,True,кафе,"город москва, 104-й километр московской кольцевой автодороги, дом 6",80,104-й километр московской кольцевой автодороги
5563,28795,столовая «ооо вито-1»,False,столовая,"город москва, улица медведева, дом 6",120,улица медведева
5583,28579,столовая шк.364,False,столовая,"город москва, старослободская улица, дом 8",200,старослободская улица
5592,21361,буфет-раздаточная,False,буфет,"город москва, гаражная улица, дом 4",28,гаражная улица
5612,20721,кафе -бар,False,буфет,"город москва, улица 9 мая, дом 8",6,улица 9 мая
5617,27515,школа 448,False,столовая,"город москва, поселок акулово, дом 43а, строение 1",156,поселок акулово
5667,27715,столовая,False,столовая,"город москва, барабанный переулок, дом 3",60,барабанный переулок
5708,71547,березки,False,кафе,"город москва, курганская улица, дом 4а",90,курганская улица
5712,23272,кафе «черный кот»,False,кафе,"город москва, нижний журавлев переулок, дом 3",20,нижний журавлев переулок
5716,144462,кафе при азс газпромнефть №134,False,буфет,"город москва, русаковская набережная, дом 7",18,русаковская набережная
5725,27523,ноу «мини-школа»,False,буфет,"город москва, кузьминская улица, дом 10, строение 2",50,кузьминская улица
5731,28332,столовая при оао док-3,False,столовая,"город москва, 1-я карачаровская улица, дом 8, строение 1",31,1-я карачаровская улица
5734,29265,столовая гоу 1083,False,столовая,"город москва, хвалынский бульвар, дом 4, корпус 4",200,хвалынский бульвар
5772,28344,пролетарец,False,столовая,"город москва, новоостаповская улица, дом 12, строение 2",48,новоостаповская улица
5826,28490,столовая фгпу усст 2,False,столовая,"город москва, 2-й курьяновский проезд, дом 2",32,2-й курьяновский проезд
5828,23421,харт-трейдинг лтд,False,буфет,"город москва, егорьевский проезд, дом 2, строение 5",30,егорьевский проезд
5842,28040,ниипм,False,столовая,"город москва, перовский проезд, дом 35, строение 8",140,перовский проезд
5848,28077,столовая,False,столовая,"город москва, автомобильный проезд, дом 6, строение 2",48,автомобильный проезд
5853,23460,кафе-бистро,False,кафе,"город москва, басовская улица, дом 16, строение 1",24,басовская улица
5857,28033,мниипа,False,столовая,"город москва, красноказарменный проезд, дом 14а, корпус 19",180,красноказарменный проезд
5901,29571,всеросийская государственная налоговая академия,False,столовая,"город москва, 4-й вешняковский проезд, дом 4, строение 1",80,4-й вешняковский проезд
5902,140772,зарайский дворик,False,кафе,"город москва, зарайская улица, дом 33, корпус 2",44,зарайская улица
5907,28049,бризоль-м,False,столовая,"город москва, 4-я кабельная улица, дом 2а, строение 1",180,4-я кабельная улица
5908,28327,саят нова,False,ресторан,"город москва, улица капотня, дом 34",220,улица капотня
5910,28867,школа 775,False,буфет,"город москва, армавирская улица, дом 4",210,армавирская улица
5935,26571,а ля фуршет,False,ресторан,"город москва, сормовский проезд, дом 11, строение 8",60,сормовский проезд
5943,29281,гбоу «многофункциональный образовательный комплекс «кузьминки»,False,столовая,"город москва, есенинский бульвар, дом 14, корпус 2",130,есенинский бульвар
5952,23376,караван прожект,False,ресторан,"город москва, 2-й кабельный проезд, дом 1",91,2-й кабельный проезд
5964,29301,школа 509,False,столовая,"город москва, 6-я кожуховская улица, дом 8",215,6-я кожуховская улица
5966,67817,кафе-бар «жулебино»,False,кафе,"город москва, тарханская улица, дом 2",50,тарханская улица
5989,29407,школа 469,False,столовая,"город москва, улица крутицкий вал, дом 5",240,улица крутицкий вал
6021,23969,артико,False,кафе,"город москва, 38-й километр московской кольцевой автодороги, владение 6а, строение 1",94,38-й километр московской кольцевой автодороги
6030,29365,школа № 1279,False,столовая,"город москва, сивашская улица, дом 2, корпус 1",70,сивашская улица
6119,25516,ресторан «бони мария»,False,ресторан,"город москва, 42-й километр московской кольцевой автодороги, владение 4, строение 1",170,42-й километр московской кольцевой автодороги
6168,24627,кантина кафе офис клуб,False,кафе,"город москва, научный проезд, дом 19",200,научный проезд
6212,29088,школьно-базовая столовая,False,столовая,"город москва, 3-я железногорская улица, дом 11а",100,3-я железногорская улица
6239,98910,subway,True,фаст-фуд,"город москва, новобутовский проезд, владение 9, строение 1",12,новобутовский проезд
6240,29092,школьно-базовая столовая,False,столовая,"город москва, улица академика понтрягина, дом 17, корпус 1",110,улица академика понтрягина
6246,29100,школьно-базовая столовая,False,столовая,"город москва, улица брусилова, дом 29, корпус 1",260,улица брусилова
6276,23962,соль и мясо,False,кафе,"город москва, синельниковская улица, дом 47",50,синельниковская улица
6279,29382,ст.шк.20 «школьник-юз»,False,столовая,"город москва, улица академика арцимовича, дом 7",240,улица академика арцимовича
6290,28528,столовая при ну акушерства и гинекологии,False,столовая,"город москва, улица академика опарина, дом 4",80,улица академика опарина
6394,23420,столовая,False,столовая,"город москва, большая внуковская улица, дом 2а, строение 9",46,большая внуковская улица
6599,69531,ансар,False,кафе,"город москва, улица клочкова, дом 10",25,улица клочкова
6606,19912,сахара,False,кафе,"город москва, 56-й километр московской кольцевой автодороги, дом 10",1,56-й километр московской кольцевой автодороги
6736,23721,столовая гбпоу «мгтк имени л.а.филатова»,False,столовая,"город москва, волоцкой переулок, дом 15, корпус 2",250,волоцкой переулок
6750,23339,столовая гбоу сош № 1544,False,столовая,"город москва, пенягинская улица, дом 14",240,пенягинская улица
6779,27838,столовая при институте,False,столовая,"город москва, улица рогова, дом 5а",63,улица рогова
6783,143079,wild bean cafe,False,кафе,"город москва, 65-й километр московской кольцевой автодороги, владение 8",10,65-й километр московской кольцевой автодороги
6785,144799,кафе на азс,False,закусочная,"город москва, 67-й километр московской кольцевой автодороги, дом 7",2,67-й километр московской кольцевой автодороги
6786,22266,кафе,False,кафе,"город москва, улица саляма адиля, дом 9, корпус 3",15,улица саляма адиля
6788,28178,столовая,False,столовая,"город москва, улица шеногина, дом 2",60,улица шеногина
6792,23706,столовая гбоу школа № 1985,False,столовая,"город москва, ландышевая улица, дом 8",192,ландышевая улица
6794,23718,столовая гбоу сош № 1564,False,столовая,"город москва, улица рословка, дом 8",240,улица рословка
6829,144812,кафе на азс,False,закусочная,"город москва, улица зенитчиков, дом 7",2,улица зенитчиков
6865,76469,кафе «таба та»,False,кафе,"город москва, сосновая аллея, дом 1, строение 1",15,сосновая аллея
6870,22255,зодиак,True,бар,"город москва, неманский проезд, дом 1",48,неманский проезд
7010,82615,столовая школы № 1847,False,столовая,"город москва, малый коптевский проезд, дом 3",35,малый коптевский проезд
7011,28460,интерьер,False,столовая,"город москва, 1-й магистральный тупик, дом 10, корпус 1",80,1-й магистральный тупик
7048,21416,столовая школы №152,False,столовая,"город москва, 1-я аэропортовская улица, дом 1, строение 3",120,1-я аэропортовская улица
7074,25473,зао смк северная звезда,False,кафе,"город москва, песчаная улица, дом 2а, строение 4",36,песчаная улица
7097,157798,мастер гурмэ,False,кафе,"город москва, театральная аллея, дом 3, строение 1",70,театральная аллея
7126,146421,рамн,False,кафе,"город москва, балтийская улица, дом 10, корпус 2",26,балтийская улица
7182,58526,бригантина,False,кафе,"город москва, коптевский бульвар, дом 18а, строение 1",40,коптевский бульвар
7235,28493,ф-ка госзнак,False,столовая,"город москва, улица павла андреева, дом 27, строение 2",80,улица павла андреева
7271,28965,загорье шк. 902,False,столовая,"город москва, педагогическая улица, дом 3",240,педагогическая улица
7289,125092,столовая,False,столовая,"город москва, 2-й рощинский проезд, дом 8",8,2-й рощинский проезд
7324,145553,столовая,False,столовая,"город москва, городская улица, дом 8",80,городская улица
7354,28584,столовая «школа 982 кдп»,False,столовая,"город москва, улица кошкина, дом 13, корпус 2",300,улица кошкина
7379,21013,соц-психологическ. институт «коп зил»,False,буфет,"город москва, 4-й рощинский проезд, дом 11",16,4-й рощинский проезд
7437,74990,кафе «сахара»,False,кафе,"город москва, 26-й километр московской кольцевой автодороги, владение 6",50,26-й километр московской кольцевой автодороги
7743,29594,школа 567 кшп «загорье»,False,столовая,"город москва, черноморский бульвар, дом 8",240,черноморский бульвар
7746,127731,столовая,False,столовая,"город москва, 3-й павловский переулок, дом 2",100,3-й павловский переулок
7778,29834,пу 53,False,столовая,"город москва, улица лефортовский вал, дом 26",120,улица лефортовский вал
7782,23416,геронтологический центр переделкино,False,столовая,"город москва, 7-я улица лазенки, дом 12, строение 2",200,7-я улица лазенки
7783,23762,столовая,False,столовая,"город москва, интернациональная улица, дом 10",200,интернациональная улица
7784,23419,ксц «переделкино»,False,столовая,"город москва, 6-я улица лазенки, дом 2, строение 2",232,6-я улица лазенки
7794,20122,сабрина,False,кафе,"город москва, аэрофлотская улица, владение 2б",24,аэрофлотская улица
7834,24996,кафе-кальянная «мамуния»,False,кафе,"город москва, лыщиков переулок, дом 5, строение 1",55,лыщиков переулок
7869,25945,ноев ковчег,False,ресторан,"город москва, малый ивановский переулок, дом 4, строение 1",100,малый ивановский переулок
7872,158158,кафе гор,False,кафе,"город москва, сибирский проезд, дом 2, корпус 27, строение 1",40,сибирский проезд
7928,121039,пельменьи,False,кафе,"город москва, улица фадеева, дом 5, строение 1",30,улица фадеева
7935,29159,столовая шк 498,False,столовая,"город москва, 2-я дубровская улица, дом 3",80,2-я дубровская улица
7938,25019,клуб высоцкого,False,кафе,"нижний таганский тупик, дом 3, строение 1",94,нижний таганский тупик
7939,146400,шелби,False,кафе,"город москва, 1-й голутвинский переулок, дом 6",22,1-й голутвинский переулок
7943,22574,теремок,True,фаст-фуд,"город москва, гжельский переулок, дом 19, строение 2",39,гжельский переулок
7945,24969,секретное место,False,кафе,"город москва, калошин переулок, дом 4, строение 1",39,калошин переулок
7952,152169,гбоу многопрофильный лицей №1501,False,столовая,"город москва, тихвинский переулок, дом 3",140,тихвинский переулок
8016,26060,артс палас,False,ресторан,"город москва, успенский переулок, дом 3, строение 4",98,успенский переулок
8025,28195,бизнес центр таганский,False,кафе,"город москва, улица высоцкого, дом 4",80,улица высоцкого
8041,29140,школа №136,False,столовая,"город москва, переулок красина, дом 16, строение 10",120,переулок красина
8085,27181,кантинетта антинори,False,ресторан,"город москва, денежный переулок, дом 20",80,денежный переулок
8120,152188,гбоу лицей 1574,False,столовая,"город москва, 1-я миусская улица, дом 4",120,1-я миусская улица
8134,29154,столовая шк 480,False,столовая,"город москва, средняя калитниковская улица, дом 22, строение 3",88,средняя калитниковская улица
8143,152084,15 kitchen+bar,False,ресторан,"город москва, пожарский переулок, дом 15",30,пожарский переулок
8147,22406,дорогая я перезвоню,True,бар,"город москва, большой строченовский переулок, дом 7",90,большой строченовский переулок
8168,27344,школа 1247,False,столовая,"город москва, госпитальный переулок, дом 3",35,госпитальный переулок
8199,141251,крейзи дейзи,False,бар,"город москва, тургеневская площадь, дом 2",45,тургеневская площадь
8229,27631,школа 1621,False,столовая,"город москва, малый казенный переулок, дом 3",100,малый казенный переулок
8239,24324,академия,True,кафе,"город москва, бутиковский переулок, дом 7",35,бутиковский переулок
8284,150829,гбоу школа №498,False,столовая,"город москва, тихий тупик, дом 2",0,тихий тупик
8316,143431,ribambelle,False,ресторан,"город москва, ботанический переулок, дом 5",80,ботанический переулок
8342,152201,столовая при гбоу школа 1231,False,столовая,"город москва, 7-й ростовский переулок, дом 16",40,7-й ростовский переулок
8343,153387,столовая при гбоу школа 1253,False,столовая,"город москва, пуговишников переулок, дом 7",70,пуговишников переулок
8360,29149,школа №83,False,столовая,"город москва, стрельбищенский переулок, дом 14",100,стрельбищенский переулок
8376,27788,лса,False,столовая,"город москва, большой знаменский переулок, дом 2, строение 26",24,большой знаменский переулок
8402,29158,столовая шк 1468,False,столовая,"город москва, брошевский переулок, дом 21",75,брошевский переулок
8445,25017,венская кофейня-кофе шоп,False,кафе,"город москва, известковый переулок, дом 1",65,известковый переулок
8449,21410,буфет школы 1305,False,буфет,"город москва, 2-й красносельский переулок, дом 18",130,2-й красносельский переулок
8725,154684,столовая школы №709,False,столовая,"город москва, 7-я северная линия, дом 13",300,7-я северная линия
8764,80008,вкусная жизнь,False,ресторан,"улица каманина, домовладение 11, строение 2",35,улица каманина
8777,150900,школа,False,столовая,"город москва, новопресненский переулок, дом 6",30,новопресненский переулок
8789,158540,кафетерий на заправке,False,кафетерий,"город москва, улица сайкина, дом 2",6,улица сайкина
8798,151546,кафе «skuratov»,False,кафе,"калашный переулок, дом 8а/5, строение 3",20,калашный переулок
8800,158330,crystal,False,ресторан,"город москва, шубинский переулок, дом 2/3",49,шубинский переулок
8814,156341,кафе «дубки»,False,кафе,"город москва, 6-й лучевой просек, дом 6",50,6-й лучевой просек
8817,156313,кафе «шашлычная»,False,кафе,"город москва, 2-й лучевой просек, дом 2",100,2-й лучевой просек
8818,156346,кафе «кафетерий»,False,кафе,"город москва, 3-й лучевой просек, дом 4а",50,3-й лучевой просек
8842,19800,набатчиков а.п.,False,буфет,"проектируемый проезд n 5231, дом 8, строение 3",20,проектируемый проезд n 5231
8875,149863,школьно-базовая столовая,False,столовая,"полевая улица, дом 20",205,полевая улица
8942,159001,чуковский,False,кафе,"город москва, 6-я улица новые сады, дом 2",32,6-я улица новые сады
8957,150886,школа,False,столовая,"город москва, причальный проезд, дом 7, строение 1",60,причальный проезд
9010,161067,перелетный кабак,False,кафе,"город москва, мансуровский переулок, дом 10, строение 2",40,мансуровский переулок
9014,161609,кафе «волконский»,False,кафе,"город москва, переулок маяковского, дом 3",2,переулок маяковского
9053,160305,арт кафе «new place moscow»,False,кафе,"город москва, площадь журавлева, дом 2, строение 2",120,площадь журавлева
9133,161334,хач хач хачапури ловкач,False,фаст-фуд,"город москва, 1-я чоботовская аллея, дом 6-б",5,1-я чоботовская аллея
9243,162723,kfc,True,фаст-фуд,"город москва, каскадная улица, домовладение 21, строение 1",20,каскадная улица
9294,166935,столешников,False,кафе,"город москва, дмитровский переулок, дом 3, строение 4",46,дмитровский переулок
9335,167318,буфет,False,буфет,"город москва, прохладная улица, дом 28",0,прохладная улица
9366,167179,закусочная «донеретто»,False,закусочная,"город москва, михневский проезд, дом 4, корпус 1",0,михневский проезд
9410,167786,tasty joys,False,кафе,"город москва, пестовский переулок, дом 3, строение 1",22,пестовский переулок
9428,168147,ларам,False,ресторан,"город москва, улица дубки, дом 6",35,улица дубки
9440,168345,five,False,кафе,"город москва, якиманский переулок, дом 6, строение 1",46,якиманский переулок
9674,168768,кафе r.f.lounge,False,кафе,"город москва, красногвардейский бульвар, дом 3, строение 1",36,красногвардейский бульвар
9686,168979,скалка,False,фаст-фуд,"город москва, большой николопесковский переулок, дом 5",16,большой николопесковский переулок
9748,169745,буфет,False,буфет,"город москва, пяловская улица, дом 7, строение 3",12,пяловская улица
9790,169978,миа пицца,False,кафе,"город москва, улица полины осипенко, дом 10, корпус 1",10,улица полины осипенко
9815,170232,little garden kitchen&bar,False,ресторан,"город москва, большой кисельный переулок, дом 17/15, строение 1",70,большой кисельный переулок
9843,170371,ип«осипова е.е»,False,фаст-фуд,"город москва, зюзинская улица, дом 3",0,зюзинская улица
9915,170767,"ели, пили",False,столовая,"город москва, малый толмачевский переулок, дом 8/11, строение 3",40,малый толмачевский переулок
9927,170938,бдд паб,False,бар,"город москва, улица знаменские садки, дом 1а",50,улица знаменские садки
9966,171174,шаурма,False,закусочная,"город москва, 30-й километр московской кольцевой автодороги, владение 6",12,30-й километр московской кольцевой автодороги
9967,171176,шаурма 31,False,закусочная,"город москва, 31-й километр московской кольцевой автодороги, владение 8, строение 1",0,31-й километр московской кольцевой автодороги
9992,171471,телебистро,False,кафе,"город москва, никитский переулок, дом 7, строение 2",32,никитский переулок
9997,171540,кафе,False,кафе,"город москва, 78-й километр московской кольцевой автодороги, дом 14, корпус 1",15,78-й километр московской кольцевой автодороги
10009,171644,буфет театра «et cetera»,False,буфет,"город москва, фролов переулок, дом 2",20,фролов переулок
10054,172152,столовая,False,столовая,"город москва, 5-й монетчиковский переулок, дом 7",176,5-й монетчиковский переулок
10142,172679,мята,False,кафе,"город москва, ялтинская улица, дом 2",26,ялтинская улица
10170,23812,ресторан «сахара»,False,ресторан,"город москва, 34-й километр московской кольцевой автодороги, владение 6",50,34-й километр московской кольцевой автодороги
10226,185632,котлет нет,False,закусочная,"город москва, боровая улица, дом 10, корпус 2",10,боровая улица
10241,188085,gournest гнездо гурмана,False,ресторан,"город москва, бродников переулок, дом 10, корпус 2",40,бродников переулок
10259,179098,выпечка,False,кулинария,"город москва, 4-я гражданская улица, дом 43, корпус 2",0,4-я гражданская улица
10290,179285,шаурма,False,фаст-фуд,"город москва, жигулевская улица, дом 5, корпус 3",0,жигулевская улица
10306,183836,детское кафе «ежеминутка»,False,кафе,"город москва, улица анатолия живова, дом 10",40,улица анатолия живова
10321,189611,"выпечка,шаурма",False,фаст-фуд,"город москва, улица академика комарова, дом 5а",0,улица академика комарова
10370,184359,донер кебаб,False,фаст-фуд,"город москва, улица медиков, дом 16",0,улица медиков
10389,179443,бар крафт тайм,False,бар,"город москва, молодежная улица, дом 4",16,молодежная улица
10425,190027,раиса захарна,False,кафе,"город москва, улица можайский вал, дом 6",26,улица можайский вал
10467,174488,предприятие быстрого обслуживания «шаурма»,False,фаст-фуд,"город москва, сумская улица, дом 2/12",0,сумская улица
10481,174448,time club убежище,False,кафе,"город москва, архангельский переулок, дом 7, строение 1",70,архангельский переулок
10568,184803,пиццбургеr №1,False,кафе,"город москва, улица пржевальского, дом 2",12,улица пржевальского
10570,189486,шантимель,True,кафе,"город москва, улица раевского, дом 3",14,улица раевского
10599,183874,японоитальяна,False,закусочная,"город москва, улица недорубова, дом 5",4,улица недорубова
10634,185464,так сказала моя мама,False,кафе,"город москва, большой симоновский переулок, дом 2",16,большой симоновский переулок
10682,179279,пивзавод77,False,бар,"город москва, спартаковский переулок, дом 2, строение 1",128,спартаковский переулок
10706,183355,кальян бар «garage lounge»,False,кафе,"город москва, малый златоустинский переулок, дом 3, строение 3",10,малый златоустинский переулок
10788,175527,столовая,False,столовая,"город москва, 2-й балтийский переулок, дом 3",20,2-й балтийский переулок
10803,189840,кафе «emivi»,False,кафе,"город москва, малый конюшковский переулок, дом 2",46,малый конюшковский переулок
10826,28845,столовая школы 688,False,столовая,"город москва, 8-я улица соколиной горы, дом 5а",96,8-я улица соколиной горы
10857,177672,white eagles pub,False,бар,"город москва, козицкий переулок, дом 1а, строение 2",90,козицкий переулок
10978,188968,«гбоу «школа с углубленным изучением английского языка» №1208»,False,столовая,"город москва, улица шумилова, дом 9",160,улица шумилова
11043,176042,столовая,False,столовая,"город москва, газгольдерная улица, дом 6",20,газгольдерная улица
11067,21116,пропиком,False,буфет,"город москва, 8-й проезд марьиной рощи, дом 30, строение 1",32,8-й проезд марьиной рощи
11111,174933,шаурма,False,фаст-фуд,"город москва, проезд нансена, владение 3б",0,проезд нансена
11123,183018,кафе свежъ,False,кафе,"город москва, нововладыкинский проезд, дом 8, строение 5",96,нововладыкинский проезд
11128,28737,столовая-доготовочная при школе 1414,False,столовая,"город москва, улица советской армии, дом 9",184,улица советской армии
11131,28743,волна бизнеса,False,буфет,"город москва, 5-й проезд марьиной рощи, дом 15а, строение 1",98,5-й проезд марьиной рощи
11230,28300,з-д «компрессор»,False,столовая,"город москва, 2-я улица энтузиастов, дом 5",110,2-я улица энтузиастов
11671,182680,кафе,False,кафе,"город москва, садовнический проезд, дом 6",20,садовнический проезд
11679,174168,столовая,False,столовая,"город москва, малая андроньевская улица, дом 20/8, строение 1-1а",86,малая андроньевская улица
11890,187742,хлеб насущный,True,кафе,"город москва, улица авиаконструктора микояна, дом 12",30,улица авиаконструктора микояна
11915,182311,папа джонс,True,кафе,"город москва, северодвинская улица, дом 20",20,северодвинская улица
11943,172930,домино'с пицца,True,фаст-фуд,"город москва, 4-й кожевнический переулок, дом 4",16,4-й кожевнический переулок
12016,183526,кафе при азс лукойл,True,кафе,"город москва, малая тульская улица, дом 57",17,малая тульская улица
12154,192763,кафе «фейна»,False,кафе,"город москва, мерзляковский переулок, дом 15",15,мерзляковский переулок
12159,190918,кафе «кафейня»,False,кафе,"город москва, электрический переулок, дом 8, строение 2",20,электрический переулок
12182,192097,ветерок,False,кафе,"город москва, улица старые кузьминки, дом 10",40,улица старые кузьминки
12210,26414,ресторан «архитектор»,False,кафе,"город москва, гранатный переулок, дом 7, строение 1",100,гранатный переулок
12275,194986,plan b,False,закусочная,"город москва, улица атарбекова, дом 4а",8,улица атарбекова
12299,201930,пиво бар,False,бар,"город москва, проезд донелайтиса, дом 30",0,проезд донелайтиса
12345,198917,грузинская пекарня,False,кулинария,"город москва, улица маршала мерецкова, дом 4",2,улица маршала мерецкова
12363,197775,зеленый змий,False,буфет,"город москва, 2-я прядильная улица, дом 4",4,2-я прядильная улица
12465,201978,сушиguru,False,кафе,"город москва, челюскинская улица, дом 13",6,челюскинская улица
12476,200619,бон кафе,False,кулинария,"город москва, улица захарьинские дворики, дом 1, корпус 1",0,улица захарьинские дворики
12490,201200,гюмри,False,кафе,"город москва, базовая улица, дом 2, корпус 1",60,базовая улица
12492,203587,ivas lounge,False,бар,"город москва, симферопольский проезд, дом 18",20,симферопольский проезд
12538,193116,ресторан «bbcafe»,False,ресторан,"город москва, скатертный переулок, дом 13",75,скатертный переулок
12600,27567,столовая,False,столовая,"город москва, 3-й лихачевский переулок, дом 2а",190,3-й лихачевский переулок
12700,194758,бильярдный клуб «дуплет»,False,кафе,"город москва, улица кухмистерова, дом 20, корпус 2",40,улица кухмистерова
12730,198119,лесной уют,False,кафе,"город москва, народный проспект, дом 17, строение 24",30,народный проспект
12813,194975,кафе «джиджигриль»,False,кафе,"город москва, 1-й лучевой просек, дом 1",50,1-й лучевой просек
12845,200126,дядя ваня,False,кафе,"город москва, проспект 40 лет октября, дом 7, строение 2",48,проспект 40 лет октября
12907,195686,стильавто,False,кафе,"город москва, улица айвазовского, владение 7, строение 1",33,улица айвазовского
12918,195570,кунак,False,кафе,"город москва, тарусская улица, дом 10",50,тарусская улица
12962,201719,самарканд,False,кафе,"город москва, производственная улица, дом 1, корпус 1, строение 1",15,производственная улица
12982,200506,вкус востока,False,кафе,"город москва, улица максимова, дом 18",40,улица максимова
12988,201607,легенда самарканда,False,кафе,"город москва, парусный проезд, дом 5, строение 1",48,парусный проезд
13012,199505,кофе и ко,False,ресторан,"город москва, мишина улица, дом 35",8,мишина улица
13037,193142,бургеры,False,кафе,"город москва, ижорский проезд, дом 17",16,ижорский проезд
13108,200373,кафе при азс нефтьмагистраль,False,кафе,"город москва, канатчиковский проезд, владение 5",6,канатчиковский проезд
13112,197252,кафе,False,кафе,"город москва, 1-й кожевнический переулок, дом 6, строение 1",85,1-й кожевнический переулок
13273,203786,столовая гбоу школа № 1387,False,столовая,"город москва, машкинское шоссе, дом 7",192,машкинское шоссе
13297,201340,амстердам чипс компани,False,кафе,"город москва, тестовская улица, дом 1",16,тестовская улица
13377,200852,чешская пивная пилзнер,True,ресторан,"город москва, малый путинковский переулок, дом 1/2, строение 1",80,малый путинковский переулок
13546,220355,пекарня папан,False,кафе,"город москва, 2-я квесисская улица, дом 23",20,2-я квесисская улица
13576,214899,чайхона vizir,False,кафе,"город москва, 2-я улица марьиной рощи, дом 22",45,2-я улица марьиной рощи
13594,207407,жингялов хац гирос бургер,False,кафе,"город москва, 2-й новоподмосковный переулок, дом 8",6,2-й новоподмосковный переулок
13618,209546,kaufman кафе,False,кафе,"город москва, посланников переулок, дом 9, строение 5",30,посланников переулок
13627,206740,кулинариум,False,кулинария,"город москва, рижский проезд, дом 7",0,рижский проезд
13664,223192,кафе «скалка»,False,кафе,"город москва, 2-я филевская улица, дом 13",18,2-я филевская улица
13747,213415,тандыр,False,кулинария,"город москва, улица льва яшина, дом 5, корпус 1",0,улица льва яшина
13775,149462,корнер,False,кафе,"город москва, композиторская улица, дом 17",25,композиторская улица
13847,215587,кафе «уют»,False,кафе,"город москва, 3-я северная линия, дом 3",40,3-я северная линия
13852,223395,кафе-пекарня арчибальд,False,кафе,"город москва, яхромская улица, дом 3",16,яхромская улица
13861,213352,lao lee,False,кафе,"город москва, миусская площадь, дом 9, строение 8",149,миусская площадь
13866,211492,наливки,False,кафе,"город москва, 1-й спасоналивковский переулок, дом 8, строение 2",14,1-й спасоналивковский переулок
13902,210161,cedro,False,ресторан,"город москва, 4-й вятский переулок, дом 10",60,4-й вятский переулок
13918,205867,крафт 1.8,False,кафе,"город москва, винницкая улица, дом 1",30,винницкая улица
13939,222361,шаурма,False,закусочная,"город москва, проезд якушкина, дом 7",0,проезд якушкина
13955,214778,кафе «багратион»,False,кафе,"город москва, сеченовский переулок, дом 7а",38,сеченовский переулок
14060,207516,кафе-пекарня,False,закусочная,"город москва, староникольская улица, дом 14а",10,староникольская улица
14114,213535,шаверма,False,фаст-фуд,"город москва, 1-й силикатный проезд, дом 13",0,1-й силикатный проезд
14227,208805,кафе,False,кафе,"город москва, 3-й угрешский проезд, дом 8, строение 2",15,3-й угрешский проезд
14440,211368,пацио пицца,False,кафе,"город москва, улица линии октябрьской железной дороги, дом 2, строение 2",20,улица линии октябрьской железной дороги
14462,216767,кафе,False,кафе,"город москва, 80-й километр московской кольцевой автодороги, дом 4, строение 1",20,80-й километр московской кольцевой автодороги
14704,214324,кадаши ( закрытый),False,ресторан,"город москва, 2-й кадашевский переулок, дом 16, строение 1",15,2-й кадашевский переулок
